customer_id,name,email,country,signup_date
1,Stephanie Contreras,stephanie.contreras@gmail.com,Georgia,2023-11-06
2,Lee Taylor,lee.taylor@hotmail.com,Cook Islands,2024-02-26
3,Katie Foster,katie.foster@yahoo.com,Vietnam,2024-05-08
4,Michelle Bailey,michelle.bailey@gmail.com,Albania,2025-02-27
5,Sharon Sanchez,sharon.sanchez@outlook.com,Korea,2023-12-22
6,Donna Reyes,donna.reyes@yahoo.com,Vietnam,2026-01-08
7,Melanie Horne,melanie.horne@yahoo.com,Mali,2024-02-24
8,Richard Conner,richard.conner@outlook.com,Fiji,2023-12-18
9,Jessica Mccoy,jessica.mccoy@gmail.com,Russian Federation,2025-05-22
10,Mariah Singh,mariah.singh@hotmail.com,Djibouti,2025-06-21
11,Eric Porter,eric.porter@gmail.com,Cameroon,2023-07-08
12,Robert Mitchell,robert.mitchell@yahoo.com,Indonesia,2024-10-10
13,Allen Chang,allen.chang@yahoo.com,Saint Martin,2025-12-27
14,Adam Gutierrez,adam.gutierrez@outlook.com,Yemen,2023-04-17
15,Cody Gonzales,cody.gonzales@yahoo.com,Uruguay,2023-12-31
16,Stephen Spencer,stephen.spencer@gmail.com,Saint Lucia,2025-07-06
17,Heather Jordan,heather.jordan@gmail.com,Jersey,2025-06-07
18,Lisa Taylor,lisa.taylor@outlook.com,Western Sahara,2024-03-23
19,Megan Kelley,megan.kelley@yahoo.com,Malaysia,2025-10-04
20,Cassie Frank,cassie.frank@yahoo.com,Cameroon,2024-07-30
21,Brandon Gonzales,brandon.gonzales@yahoo.com,Guatemala,2024-01-17
22,Robin Jones,robin.jones@yahoo.com,Mali,2026-01-15
23,Stephanie Brock,stephanie.brock@yahoo.com,Congo,2024-09-07
24,Shawn Davis,shawn.davis@hotmail.com,Grenada,2025-08-28
25,Lynn Bullock,lynn.bullock@outlook.com,Vanuatu,2024-12-17
26,Calvin Griffin,calvin.griffin@gmail.com,Belize,2025-05-08
27,Andrew Cole,andrew.cole@hotmail.com,Colombia,2023-12-26
28,Sherry Sampson,sherry.sampson@yahoo.com,Macao,2024-09-08
29,Kevin George,kevin.george@outlook.com,Bhutan,2024-11-02
30,Ana Howell,ana.howell@hotmail.com,Qatar,2025-05-05
31,Jeanne Jackson,jeanne.jackson@hotmail.com,Norway,2023-04-08
32,Bryan Harris,bryan.harris@gmail.com,Palestinian Territory,2025-01-29
33,Miranda Rose,miranda.rose@gmail.com,Iraq,2025-08-15
34,Lee Olson,lee.olson@yahoo.com,France,2023-09-21
35,Brandy Howard,brandy.howard@hotmail.com,Guyana,2024-04-23
36,Erica Lawrence,erica.lawrence@yahoo.com,Togo,2026-03-10
37,Deborah Jones,deborah.jones@yahoo.com,Malawi,2024-05-21
38,Raymond Cruz,raymond.cruz@outlook.com,Turkmenistan,2024-05-29
39,Christopher Jones,christopher.jones@gmail.com,Saint Lucia,2024-03-29
40,Angela Weber,angela.weber@outlook.com,Iran,2025-07-03
41,Andrew Hall,andrew.hall@yahoo.com,Bangladesh,2025-04-18
42,Alicia Castro,alicia.castro@outlook.com,Svalbard & Jan Mayen Islands,2023-11-18
43,Timothy Wallace,timothy.wallace@gmail.com,Martinique,2023-04-30
44,Gregory Evans,gregory.evans@outlook.com,Panama,2024-08-14
45,Miss Alicia Hernandez,miss.alicia.hernandez@gmail.com,Cayman Islands,2024-03-18
46,Stacy Smith,stacy.smith@gmail.com,Brazil,2023-06-06
47,Gabriel Steele,gabriel.steele@gmail.com,American Samoa,2025-03-03
48,Amy Espinoza,amy.espinoza@hotmail.com,Equatorial Guinea,2023-07-28
49,Jason Mckinney,jason.mckinney@gmail.com,Burkina Faso,2024-02-02
50,Kimberly Hale,kimberly.hale@hotmail.com,Somalia,2024-12-12
51,William Nichols,william.nichols@gmail.com,Lebanon,2025-06-21
52,Gregory Robinson,gregory.robinson@hotmail.com,Morocco,2025-07-14
53,James Scott,james.scott@yahoo.com,Philippines,2025-03-26
54,Samantha Morgan,samantha.morgan@hotmail.com,Italy,2023-06-12
55,Ashley Payne,ashley.payne@hotmail.com,Dominica,2026-03-04
56,David Williams,david.williams@gmail.com,Portugal,2024-12-24
57,Robert Dixon,robert.dixon@outlook.com,Saint Vincent and the Grenadines,2026-02-17
58,Micheal Williams,micheal.williams@outlook.com,Paraguay,2023-07-07
59,David Marshall,david.marshall@gmail.com,Slovakia (Slovak Republic),2026-01-22
60,Jon Garcia,jon.garcia@yahoo.com,Sierra Leone,2023-09-09
61,Madison Henson,madison.henson@gmail.com,Tonga,2025-09-23
62,Joseph Goodwin DVM,joseph.goodwin.dvm@gmail.com,British Indian Ocean Territory (Chagos Archipelago),2025-02-09
63,Angela Medina,angela.medina@gmail.com,South Africa,2025-05-29
64,Paula Brown,paula.brown@outlook.com,Tonga,2023-12-31
65,Dana Stewart,dana.stewart@hotmail.com,France,2024-12-27
66,Michael Mckay,michael.mckay@yahoo.com,Kazakhstan,2023-04-14
67,Christine Moore,christine.moore@yahoo.com,Qatar,2024-06-06
68,Valerie Davis,valerie.davis@gmail.com,Netherlands,2024-10-01
69,Matthew Kirby,matthew.kirby@yahoo.com,Bolivia,2025-09-02
70,Jessica Mason,jessica.mason@outlook.com,Ukraine,2025-09-25
71,Michelle Taylor,michelle.taylor@yahoo.com,Netherlands Antilles,2025-04-24
72,Melanie Valencia,melanie.valencia@outlook.com,Slovakia (Slovak Republic),2024-07-10
73,George Meyers,george.meyers@hotmail.com,British Indian Ocean Territory (Chagos Archipelago),2024-12-12
74,Cory Underwood,cory.underwood@gmail.com,Canada,2024-02-16
75,Christy Pierce,christy.pierce@outlook.com,Northern Mariana Islands,2024-09-18
76,Jeffrey Kirk,jeffrey.kirk@gmail.com,Portugal,2026-01-02
77,James Carpenter,james.carpenter@gmail.com,Slovenia,2024-06-25
78,Amanda Smith,amanda.smith@outlook.com,Slovakia (Slovak Republic),2025-12-09
79,Erin Leonard,erin.leonard@gmail.com,Iran,2023-04-14
80,Howard Romero,howard.romero@gmail.com,Timor-Leste,2024-07-12
81,James Dunlap,james.dunlap@hotmail.com,Armenia,2025-10-05
82,James Myers,james.myers@gmail.com,Netherlands Antilles,2023-10-28
83,Lisa Frank,lisa.frank@gmail.com,Marshall Islands,2024-04-28
84,Nicholas Bell,nicholas.bell@outlook.com,Azerbaijan,2023-11-24
85,Dr. Elizabeth Patterson,dr..elizabeth.patterson@outlook.com,Bosnia and Herzegovina,2024-09-18
86,Eric Lucas,eric.lucas@yahoo.com,Uzbekistan,2025-04-22
87,Victoria Hernandez,victoria.hernandez@outlook.com,Chile,2023-10-13
88,Frederick Hall,frederick.hall@outlook.com,Sierra Leone,2025-07-22
89,Gilbert Pittman,gilbert.pittman@hotmail.com,Yemen,2023-09-17
90,Rachel Sanford,rachel.sanford@yahoo.com,Cape Verde,2024-01-26
91,Jessica Garza,jessica.garza@gmail.com,Uganda,2024-03-01
92,Keith Sanchez MD,keith.sanchez.md@hotmail.com,Namibia,2024-10-05
93,Sara Simon,sara.simon@yahoo.com,Palestinian Territory,2025-05-28
94,Patrick Smith,patrick.smith@yahoo.com,Paraguay,2025-11-02
95,Frank Wells,frank.wells@outlook.com,Tuvalu,2024-02-18
96,Michael Little,michael.little@yahoo.com,Afghanistan,2023-04-12
97,Bruce Lowe,bruce.lowe@yahoo.com,Barbados,2025-11-15
98,Michael Campbell,michael.campbell@gmail.com,Indonesia,2025-04-19
99,Nicholas Walters,nicholas.walters@yahoo.com,Korea,2025-05-14
100,Katelyn Rodgers,katelyn.rodgers@gmail.com,Indonesia,2024-01-30
101,Michael Wright,michael.wright@yahoo.com,Cameroon,2025-01-19
102,Monica Whitaker,monica.whitaker@outlook.com,Yemen,2026-01-15
103,Kenneth Santana,kenneth.santana@gmail.com,San Marino,2025-11-26
104,Marissa Matthews,marissa.matthews@outlook.com,Cocos (Keeling) Islands,2025-12-18
105,Debra Rodriguez,debra.rodriguez@gmail.com,Burkina Faso,2025-04-15
106,John Gutierrez,john.gutierrez@outlook.com,Sweden,2026-02-12
107,Priscilla Ball,priscilla.ball@outlook.com,Saint Martin,2023-04-24
108,Kevin Simmons,kevin.simmons@gmail.com,Malaysia,2023-07-14
109,Michael Donovan,michael.donovan@hotmail.com,Canada,2024-02-27
110,Danielle Holloway,danielle.holloway@hotmail.com,Gambia,2026-01-17
111,Susan Watson,susan.watson@hotmail.com,British Indian Ocean Territory (Chagos Archipelago),2024-05-10
112,Joshua Hanson,joshua.hanson@yahoo.com,Denmark,2024-11-22
113,Jamie Medina,jamie.medina@gmail.com,Turkey,2025-02-16
114,Leslie Shaffer,leslie.shaffer@outlook.com,Moldova,2026-03-17
115,Amanda Morris,amanda.morris@hotmail.com,Nigeria,2024-12-26
116,Andrew Harris,andrew.harris@outlook.com,Tanzania,2023-07-16
117,Eric Bowman,eric.bowman@outlook.com,Congo,2025-11-20
118,Mary Rodriguez,mary.rodriguez@yahoo.com,Colombia,2024-05-18
119,Rachel Robertson DVM,rachel.robertson.dvm@hotmail.com,Estonia,2023-12-28
120,David Adams,david.adams@gmail.com,Italy,2025-01-23
121,Melissa Callahan,melissa.callahan@gmail.com,Bosnia and Herzegovina,2025-03-07
122,Zachary Tate,zachary.tate@hotmail.com,Belarus,2024-05-01
123,Emma Ferguson,emma.ferguson@outlook.com,Cambodia,2025-04-21
124,Adam Holland,adam.holland@yahoo.com,Slovakia (Slovak Republic),2025-03-28
125,Andre Martinez,andre.martinez@yahoo.com,Central African Republic,2025-10-27
126,Lindsey Bush,lindsey.bush@hotmail.com,Italy,2025-06-03
127,Jamie Nguyen,jamie.nguyen@gmail.com,Iceland,2026-01-02
128,Michelle Wright,michelle.wright@hotmail.com,Bermuda,2025-03-12
129,Barbara Martin,barbara.martin@yahoo.com,Singapore,2025-03-25
130,Sharon Harris,sharon.harris@outlook.com,Maldives,2023-03-27
131,Patrick Davis,patrick.davis@outlook.com,Morocco,2023-07-16
132,Jacob Gould,jacob.gould@outlook.com,Pitcairn Islands,2025-07-26
133,Sheena Rich,sheena.rich@yahoo.com,Aruba,2023-07-30
134,Jennifer Stewart,jennifer.stewart@yahoo.com,Nepal,2026-03-13
135,Dana Johnson,dana.johnson@gmail.com,Grenada,2025-01-23
136,Anna Morris,anna.morris@hotmail.com,Western Sahara,2025-06-14
137,Shawn Weaver,shawn.weaver@outlook.com,Kuwait,2024-03-26
138,Regina Williams,regina.williams@yahoo.com,Jersey,2024-12-10
139,Mr. Willie Smith MD,mr..willie.smith.md@gmail.com,Senegal,2025-04-06
140,Mary Smith,mary.smith@hotmail.com,Cook Islands,2023-08-21
141,Tracey Jackson,tracey.jackson@outlook.com,Belarus,2025-01-21
142,Timothy Black,timothy.black@outlook.com,Sao Tome and Principe,2024-10-10
143,Annette Brown,annette.brown@hotmail.com,Malawi,2025-08-11
144,Misty Jennings,misty.jennings@gmail.com,Anguilla,2025-10-22
145,Ashley Love,ashley.love@yahoo.com,Nepal,2023-11-15
146,Kimberly Pineda,kimberly.pineda@gmail.com,United States of America,2024-12-29
147,Mary Logan,mary.logan@hotmail.com,British Virgin Islands,2025-01-10
148,Anthony Pineda,anthony.pineda@hotmail.com,Wallis and Futuna,2025-10-05
149,Derrick Garcia,derrick.garcia@hotmail.com,Antigua and Barbuda,2023-10-22
150,Andrew Wilson,andrew.wilson@yahoo.com,Burundi,2023-08-16
151,Kelli Richards,kelli.richards@yahoo.com,Italy,2024-11-01
152,Donald Davidson,donald.davidson@yahoo.com,Micronesia,2023-06-07
153,Sarah Schwartz,sarah.schwartz@outlook.com,Andorra,2024-02-01
154,Stacy Perry,stacy.perry@hotmail.com,Haiti,2025-03-17
155,Michael Stevenson PhD,michael.stevenson.phd@gmail.com,Palau,2026-01-03
156,Joseph Hicks,joseph.hicks@gmail.com,Egypt,2024-05-22
157,Randy Riley,randy.riley@gmail.com,Bosnia and Herzegovina,2024-06-01
158,Michael Smith,michael.smith@gmail.com,Mauritania,2025-12-27
159,Jacob Glenn,jacob.glenn@yahoo.com,Oman,2024-09-26
160,Lori Garcia,lori.garcia@gmail.com,Trinidad and Tobago,2025-03-24
161,Angela White,angela.white@outlook.com,Indonesia,2024-11-28
162,Dominic Clay MD,dominic.clay.md@gmail.com,New Zealand,2024-08-29
163,Kayla Maxwell,kayla.maxwell@yahoo.com,South Africa,2024-06-02
164,Gordon Coleman,gordon.coleman@gmail.com,New Caledonia,2026-03-02
165,Carolyn Miller,carolyn.miller@hotmail.com,Morocco,2024-06-13
166,Kenneth Ruiz,kenneth.ruiz@yahoo.com,Seychelles,2023-12-20
167,Robert Collins,robert.collins@yahoo.com,Finland,2023-10-18
168,Stephanie Harris,stephanie.harris@gmail.com,Reunion,2024-03-07
169,Kenneth Gonzales MD,kenneth.gonzales.md@gmail.com,Guam,2023-09-08
170,Amanda Frazier,amanda.frazier@hotmail.com,Suriname,2025-05-06
171,Tanya Adams,tanya.adams@gmail.com,Kuwait,2025-11-08
172,Joan Hawkins,joan.hawkins@gmail.com,Indonesia,2024-07-31
173,Matthew Martinez,matthew.martinez@yahoo.com,Malaysia,2026-01-13
174,Courtney Sullivan,courtney.sullivan@outlook.com,Lesotho,2026-01-22
175,Angel Johnson,angel.johnson@hotmail.com,Gambia,2024-02-09
176,Kimberly Knight,kimberly.knight@gmail.com,Bangladesh,2023-11-03
177,Makayla Marquez,makayla.marquez@hotmail.com,Latvia,2024-01-27
178,Robert Graham,robert.graham@outlook.com,Singapore,2024-03-01
179,Shawn Gomez,shawn.gomez@outlook.com,Libyan Arab Jamahiriya,2023-09-26
180,Dennis Sanchez,dennis.sanchez@outlook.com,El Salvador,2025-01-04
181,Cole Marshall,cole.marshall@hotmail.com,Hungary,2025-10-08
182,Sabrina Smith,sabrina.smith@yahoo.com,Saudi Arabia,2025-09-28
183,Jason Yoder,jason.yoder@gmail.com,Niue,2023-04-28
184,Caroline Roth,caroline.roth@yahoo.com,French Southern Territories,2023-06-03
185,Brian Carey,brian.carey@gmail.com,Papua New Guinea,2024-03-14
186,William Taylor,william.taylor@gmail.com,Jamaica,2025-12-28
187,Michael Gutierrez,michael.gutierrez@gmail.com,Spain,2024-12-19
188,Christina Wilson,christina.wilson@outlook.com,French Polynesia,2024-11-24
189,Albert Campbell,albert.campbell@hotmail.com,Oman,2024-07-12
190,Christina French,christina.french@gmail.com,Poland,2024-10-19
191,Tammy Jenkins,tammy.jenkins@outlook.com,Saint Pierre and Miquelon,2025-01-11
192,Miss Denise Ruiz,miss.denise.ruiz@hotmail.com,Antarctica (the territory South of 60 deg S),2024-11-15
193,Pamela Shaw,pamela.shaw@yahoo.com,Bulgaria,2025-03-13
194,Jonathan Thompson,jonathan.thompson@hotmail.com,Greenland,2025-04-19
195,Lisa Morales,lisa.morales@hotmail.com,Sao Tome and Principe,2024-12-03
196,Evelyn Black,evelyn.black@hotmail.com,Suriname,2023-12-26
197,Angela Bennett,angela.bennett@gmail.com,Timor-Leste,2024-09-17
198,Tina Garrett,tina.garrett@outlook.com,Kyrgyz Republic,2026-01-15
199,Bianca Doyle,bianca.doyle@gmail.com,France,2024-05-02
200,Sarah Atkins,sarah.atkins@gmail.com,Pitcairn Islands,2025-05-03
201,Richard Blackburn,richard.blackburn@gmail.com,Korea,2023-03-28
202,Michael Mckee,michael.mckee@yahoo.com,Mauritius,2023-11-17
203,Kimberly Davis,kimberly.davis@yahoo.com,San Marino,2023-12-25
204,Edward Ryan,edward.ryan@hotmail.com,South Africa,2025-02-14
205,Anthony Robinson,anthony.robinson@outlook.com,Liechtenstein,2024-11-08
206,Jessica Williams,jessica.williams@hotmail.com,Cyprus,2024-05-03
207,Dawn Barber,dawn.barber@hotmail.com,Maldives,2024-10-04
208,Robert Hill,robert.hill@gmail.com,Dominica,2023-06-27
209,David Roberts,david.roberts@outlook.com,Montenegro,2026-02-05
210,Michelle Franklin,michelle.franklin@yahoo.com,Romania,2023-12-16
211,Jonathon Valentine,jonathon.valentine@gmail.com,Nicaragua,2026-02-13
212,Rachel Lopez,rachel.lopez@yahoo.com,Korea,2023-12-25
213,Ryan Hall,ryan.hall@yahoo.com,Mayotte,2024-01-10
214,Christina Miller,christina.miller@gmail.com,Samoa,2025-07-04
215,Dustin Gallegos,dustin.gallegos@hotmail.com,Sweden,2023-09-21
216,Jeffrey Hernandez,jeffrey.hernandez@gmail.com,Oman,2024-02-06
217,Donna Flores,donna.flores@outlook.com,Palestinian Territory,2023-12-05
218,Erica Williams,erica.williams@outlook.com,Cape Verde,2023-11-22
219,Robert Mejia,robert.mejia@outlook.com,Cote d'Ivoire,2023-12-24
220,Paul Green,paul.green@hotmail.com,Yemen,2023-06-01
221,Wesley Smith,wesley.smith@gmail.com,Netherlands Antilles,2023-10-04
222,Eric Campbell,eric.campbell@outlook.com,United Arab Emirates,2025-04-18
223,Yolanda Flores,yolanda.flores@hotmail.com,Gambia,2025-01-16
224,Logan Davis,logan.davis@yahoo.com,Cook Islands,2024-12-27
225,Vanessa Jones,vanessa.jones@outlook.com,South Georgia and the South Sandwich Islands,2026-03-08
226,Erik Schwartz,erik.schwartz@outlook.com,Palestinian Territory,2025-10-04
227,Patricia Sanders,patricia.sanders@hotmail.com,Luxembourg,2025-03-05
228,George Lewis,george.lewis@outlook.com,Sri Lanka,2023-11-01
229,Tina Wells,tina.wells@gmail.com,Falkland Islands (Malvinas),2024-06-08
230,Bianca Kaufman,bianca.kaufman@hotmail.com,Puerto Rico,2024-09-12
231,Timothy Taylor,timothy.taylor@hotmail.com,Kenya,2023-09-01
232,Wayne Brandt,wayne.brandt@outlook.com,Palau,2026-01-21
233,Lucas Gould,lucas.gould@yahoo.com,Israel,2023-03-27
234,Kevin Meyer,kevin.meyer@yahoo.com,Tokelau,2024-11-10
235,Daniel Fowler,daniel.fowler@outlook.com,Christmas Island,2024-03-10
236,Lauren Welch,lauren.welch@gmail.com,Barbados,2024-09-02
237,Tracey Weber,tracey.weber@gmail.com,Serbia,2024-11-17
238,Elizabeth Smith,elizabeth.smith@gmail.com,Saint Vincent and the Grenadines,2023-05-04
239,Jeremy Maldonado,jeremy.maldonado@gmail.com,New Caledonia,2023-04-21
240,Devin Mckinney,devin.mckinney@gmail.com,Czech Republic,2025-07-13
241,Louis Davenport,louis.davenport@gmail.com,Liechtenstein,2025-12-08
242,Ryan Collins,ryan.collins@gmail.com,Russian Federation,2023-08-10
243,Ashley Reynolds,ashley.reynolds@yahoo.com,Holy See (Vatican City State),2025-05-22
244,Melissa Johnson,melissa.johnson@yahoo.com,Gibraltar,2025-06-12
245,Robert Johnson,robert.johnson@gmail.com,Mali,2025-07-03
246,Brian Sullivan,brian.sullivan@yahoo.com,Tanzania,2024-09-12
247,April Arnold,april.arnold@outlook.com,Dominican Republic,2026-03-20
248,George Diaz,george.diaz@outlook.com,Syrian Arab Republic,2023-10-20
249,Kimberly Williams,kimberly.williams@hotmail.com,Greenland,2023-07-28
250,Roberto Johnson,roberto.johnson@yahoo.com,Guyana,2026-01-15
251,Devin Blake,devin.blake@gmail.com,Cook Islands,2023-07-24
252,Sonia Bryant,sonia.bryant@yahoo.com,Belarus,2025-08-14
253,Jennifer Snyder,jennifer.snyder@yahoo.com,Russian Federation,2023-05-19
254,Chad Mcneil,chad.mcneil@gmail.com,Estonia,2025-07-09
255,Corey Cabrera,corey.cabrera@hotmail.com,Libyan Arab Jamahiriya,2024-01-18
256,Dylan Williams,dylan.williams@outlook.com,Armenia,2024-11-01
257,Stephanie Ross,stephanie.ross@hotmail.com,Saint Kitts and Nevis,2024-12-23
258,Robert Weaver,robert.weaver@outlook.com,Cyprus,2024-12-11
259,Susan Frederick,susan.frederick@gmail.com,Sudan,2023-11-18
260,Tracy Coleman,tracy.coleman@yahoo.com,Slovenia,2025-12-12
261,Dr. Daniel Cohen,dr..daniel.cohen@hotmail.com,Vietnam,2024-04-19
262,Sean Henry,sean.henry@yahoo.com,Saint Pierre and Miquelon,2023-11-09
263,Kim Whitaker,kim.whitaker@hotmail.com,Taiwan,2025-12-11
264,Mary Clark,mary.clark@yahoo.com,Western Sahara,2025-09-20
265,Douglas Smith,douglas.smith@yahoo.com,Antarctica (the territory South of 60 deg S),2023-07-09
266,Danielle Wong,danielle.wong@yahoo.com,United States of America,2025-01-22
267,Timothy Gibson,timothy.gibson@outlook.com,Kiribati,2025-07-08
268,Kevin Vaughn,kevin.vaughn@yahoo.com,Montenegro,2025-02-16
269,Julie Hancock,julie.hancock@gmail.com,Malaysia,2023-04-17
270,Jennifer Cohen,jennifer.cohen@hotmail.com,Philippines,2025-04-15
271,Thomas Smith,thomas.smith@outlook.com,Barbados,2025-01-14
272,Misty Olsen,misty.olsen@gmail.com,Liechtenstein,2025-01-08
273,Anthony Hicks,anthony.hicks@yahoo.com,Tuvalu,2024-03-30
274,Kevin Griffith,kevin.griffith@hotmail.com,Bhutan,2023-12-27
275,Kathleen Hardy,kathleen.hardy@outlook.com,Kazakhstan,2025-04-14
276,Marcus Brown,marcus.brown@outlook.com,Guinea-Bissau,2025-06-18
277,Angelica Little,angelica.little@yahoo.com,Western Sahara,2024-11-20
278,Diane Johnson,diane.johnson@yahoo.com,Macao,2024-12-24
279,Gabriel Bass,gabriel.bass@outlook.com,Korea,2024-10-23
280,Cathy Peters,cathy.peters@hotmail.com,Greece,2024-01-20
281,Dan Estrada,dan.estrada@gmail.com,Lithuania,2026-01-17
282,Stephanie Smith,stephanie.smith@gmail.com,British Indian Ocean Territory (Chagos Archipelago),2023-03-27
283,Meredith Jackson,meredith.jackson@outlook.com,Myanmar,2023-12-27
284,Jesus Schmidt,jesus.schmidt@hotmail.com,Bangladesh,2023-04-25
285,David Hayes,david.hayes@gmail.com,Tokelau,2025-03-24
286,Kevin Werner,kevin.werner@yahoo.com,Zambia,2024-12-09
287,Erin Torres,erin.torres@gmail.com,Norway,2026-01-22
288,Anthony Clark,anthony.clark@gmail.com,Sao Tome and Principe,2025-07-13
289,Emily Pierce,emily.pierce@hotmail.com,South Georgia and the South Sandwich Islands,2023-08-09
290,Jennifer Phelps,jennifer.phelps@outlook.com,Nepal,2025-08-28
291,Gloria Curtis,gloria.curtis@hotmail.com,Portugal,2023-10-16
292,Jason Bauer,jason.bauer@yahoo.com,Uzbekistan,2026-01-07
293,Alexa Dillon,alexa.dillon@hotmail.com,Mozambique,2026-01-26
294,Maria Harris,maria.harris@outlook.com,Martinique,2023-09-23
295,Brittany Figueroa,brittany.figueroa@outlook.com,Vietnam,2023-11-13
296,Roberta Gibson,roberta.gibson@outlook.com,Jordan,2023-09-14
297,Michelle Rogers,michelle.rogers@hotmail.com,Greenland,2025-10-18
298,John Carrillo,john.carrillo@gmail.com,Spain,2025-10-27
299,Christopher Mendez,christopher.mendez@hotmail.com,Netherlands,2024-02-18
300,Luis Blair,luis.blair@gmail.com,Iran,2023-03-27
301,Jennifer Mooney,jennifer.mooney@gmail.com,China,2024-03-05
302,Stephanie Schmidt MD,stephanie.schmidt.md@outlook.com,Aruba,2025-03-28
303,Rose Fernandez,rose.fernandez@yahoo.com,India,2025-03-16
304,Benjamin Alvarado,benjamin.alvarado@yahoo.com,Slovenia,2024-09-09
305,Michelle Hunter,michelle.hunter@outlook.com,Somalia,2023-10-22
306,Frank Hunt,frank.hunt@outlook.com,Djibouti,2025-12-26
307,Jessica Rivera,jessica.rivera@hotmail.com,Sudan,2025-08-21
308,Jessica Smith,jessica.smith@yahoo.com,Philippines,2023-12-04
309,Bryan Brown,bryan.brown@hotmail.com,Turkey,2025-05-27
310,Joseph Nguyen,joseph.nguyen@hotmail.com,Cyprus,2026-02-05
311,Thomas Johnson,thomas.johnson@outlook.com,Lithuania,2023-11-09
312,Jordan Chung,jordan.chung@gmail.com,Lao People's Democratic Republic,2025-11-01
313,Katelyn Barry,katelyn.barry@yahoo.com,Micronesia,2025-02-21
314,Christina Hernandez,christina.hernandez@yahoo.com,Rwanda,2025-03-12
315,Jasmine Cordova,jasmine.cordova@hotmail.com,Netherlands Antilles,2024-12-05
316,Aaron Lewis,aaron.lewis@gmail.com,Liechtenstein,2024-04-20
317,Melissa Wilson,melissa.wilson@hotmail.com,Bangladesh,2023-10-21
318,Elizabeth Mcintyre,elizabeth.mcintyre@yahoo.com,Zimbabwe,2025-05-24
319,Krista Parsons,krista.parsons@gmail.com,Egypt,2025-07-15
320,Brandon Sanchez,brandon.sanchez@gmail.com,Palestinian Territory,2024-05-20
321,James Jackson,james.jackson@gmail.com,South Georgia and the South Sandwich Islands,2024-05-25
322,Carol Mooney,carol.mooney@yahoo.com,Saint Lucia,2025-05-12
323,Scott Herrera,scott.herrera@hotmail.com,Kyrgyz Republic,2026-03-20
324,Lonnie Wells,lonnie.wells@outlook.com,Niger,2023-07-16
325,Bill Smith,bill.smith@outlook.com,Nigeria,2025-07-21
326,Jennifer Ray,jennifer.ray@yahoo.com,Libyan Arab Jamahiriya,2024-10-11
327,Samantha Martin,samantha.martin@outlook.com,Ireland,2025-12-08
328,Holly Collins,holly.collins@hotmail.com,South Georgia and the South Sandwich Islands,2025-04-30
329,Anna Wyatt DVM,anna.wyatt.dvm@outlook.com,Malta,2023-12-13
330,Robert Wright,robert.wright@gmail.com,Mayotte,2024-01-12
331,Jermaine Brown,jermaine.brown@outlook.com,Bhutan,2023-06-12
332,Clinton Logan,clinton.logan@hotmail.com,Saint Kitts and Nevis,2025-06-29
333,Maria Zimmerman MD,maria.zimmerman.md@yahoo.com,Fiji,2024-11-08
334,Ms. Sarah Williams DDS,ms..sarah.williams.dds@yahoo.com,Paraguay,2025-06-13
335,Kevin Aguilar,kevin.aguilar@yahoo.com,Pakistan,2024-03-03
336,Gilbert Rodriguez,gilbert.rodriguez@gmail.com,Mauritania,2025-06-20
337,Victoria Taylor,victoria.taylor@yahoo.com,Syrian Arab Republic,2023-11-11
338,Justin Jones,justin.jones@hotmail.com,Cambodia,2023-08-22
339,Kevin King,kevin.king@yahoo.com,Albania,2025-03-27
340,Diana Hoffman,diana.hoffman@outlook.com,Cuba,2025-03-27
341,David Ray,david.ray@outlook.com,Bouvet Island (Bouvetoya),2025-07-12
342,Samantha Morris DDS,samantha.morris.dds@outlook.com,Argentina,2025-11-20
343,Daniel Jensen,daniel.jensen@hotmail.com,Lao People's Democratic Republic,2025-08-20
344,Alexandra Woods,alexandra.woods@yahoo.com,Bangladesh,2025-04-18
345,Raymond Grimes,raymond.grimes@outlook.com,Italy,2024-04-21
346,Andrew Deleon,andrew.deleon@yahoo.com,Fiji,2025-06-26
347,Matthew Stark,matthew.stark@yahoo.com,Cameroon,2023-05-03
348,Denise Rios,denise.rios@hotmail.com,Antarctica (the territory South of 60 deg S),2025-12-09
349,Charles Tanner,charles.tanner@yahoo.com,Cambodia,2025-05-07
350,Teresa Smith,teresa.smith@hotmail.com,Trinidad and Tobago,2025-11-21
351,Cindy Lutz,cindy.lutz@hotmail.com,South Africa,2024-01-17
352,Brenda Randall,brenda.randall@yahoo.com,Qatar,2024-09-05
353,Kristin Campbell,kristin.campbell@gmail.com,Saint Helena,2025-06-26
354,Gina Ballard,gina.ballard@yahoo.com,Guyana,2023-12-17
355,Anna Moore,anna.moore@hotmail.com,Western Sahara,2024-07-06
356,Victor Carlson,victor.carlson@hotmail.com,Cyprus,2024-02-22
357,Eddie Dorsey,eddie.dorsey@gmail.com,Uruguay,2023-04-02
358,Kathy Sandoval,kathy.sandoval@yahoo.com,Guatemala,2025-02-03
359,Laura Guzman,laura.guzman@gmail.com,Nigeria,2024-11-15
360,Stephanie Castillo,stephanie.castillo@gmail.com,Iran,2024-08-09
361,Joshua Buck,joshua.buck@outlook.com,Albania,2024-04-08
362,Cheryl Mcdaniel,cheryl.mcdaniel@gmail.com,Portugal,2024-10-02
363,Joy Chen,joy.chen@yahoo.com,Kenya,2026-03-13
364,Melinda Lin,melinda.lin@outlook.com,Antigua and Barbuda,2025-11-03
365,Tyler Downs,tyler.downs@outlook.com,Morocco,2024-10-06
366,Sarah Acevedo,sarah.acevedo@yahoo.com,Argentina,2024-03-06
367,Thomas Buck,thomas.buck@hotmail.com,Macao,2025-09-27
368,Amanda Elliott,amanda.elliott@outlook.com,Belgium,2025-07-26
369,Jennifer Gordon,jennifer.gordon@hotmail.com,Tanzania,2023-07-05
370,Danielle Freeman,danielle.freeman@yahoo.com,Samoa,2025-11-05
371,Mary Moreno,mary.moreno@gmail.com,Anguilla,2026-02-03
372,Jonathon Peterson,jonathon.peterson@hotmail.com,Turkey,2023-12-16
373,Andrew Tate,andrew.tate@yahoo.com,Oman,2024-12-19
374,Thomas Henderson,thomas.henderson@gmail.com,Oman,2024-10-07
375,Jeffrey Novak,jeffrey.novak@yahoo.com,Zimbabwe,2025-12-22
376,Jonathan Morris,jonathan.morris@gmail.com,Tokelau,2023-06-05
377,Derek Bennett,derek.bennett@yahoo.com,Lao People's Democratic Republic,2023-08-29
378,Cameron Lindsey,cameron.lindsey@yahoo.com,Nigeria,2024-06-21
379,Austin Henderson,austin.henderson@yahoo.com,Guam,2024-08-22
380,Reginald Morales,reginald.morales@outlook.com,United States Minor Outlying Islands,2023-05-23
381,Thomas Cook,thomas.cook@outlook.com,Malaysia,2023-04-23
382,John Burns,john.burns@yahoo.com,Cote d'Ivoire,2025-05-29
383,Ellen Olsen,ellen.olsen@hotmail.com,Cape Verde,2026-01-09
384,Kristen Ellis,kristen.ellis@outlook.com,Guernsey,2026-01-12
385,Taylor Flores,taylor.flores@yahoo.com,Uganda,2023-05-11
386,Allison Thomas,allison.thomas@yahoo.com,Chile,2025-01-09
387,Brad Serrano,brad.serrano@gmail.com,Pakistan,2026-01-10
388,Laura Morris,laura.morris@outlook.com,Angola,2024-06-18
389,Brooke Mccoy,brooke.mccoy@hotmail.com,British Indian Ocean Territory (Chagos Archipelago),2024-08-13
390,Olivia James,olivia.james@gmail.com,Madagascar,2023-08-24
391,Lori Harrison,lori.harrison@yahoo.com,Croatia,2023-07-04
392,Thomas Washington,thomas.washington@yahoo.com,Greece,2023-08-14
393,Nicholas Bell,nicholas.bell@yahoo.com,Georgia,2025-10-09
394,Richard Murray,richard.murray@outlook.com,Gabon,2025-03-16
395,Chris Thomas,chris.thomas@yahoo.com,Botswana,2025-12-02
396,Mr. Alan Brady Jr.,mr..alan.brady.jr.@gmail.com,Vietnam,2023-04-10
397,Sara Arnold,sara.arnold@gmail.com,Botswana,2025-05-12
398,Terri Harrison,terri.harrison@yahoo.com,Martinique,2024-01-19
399,Joseph Richard,joseph.richard@outlook.com,Libyan Arab Jamahiriya,2023-07-18
400,Lauren Hawkins,lauren.hawkins@gmail.com,Netherlands,2025-06-01
401,Mrs. Debra Alvarado,mrs..debra.alvarado@yahoo.com,Djibouti,2025-11-03
402,Kathleen Brown,kathleen.brown@hotmail.com,Uganda,2025-12-08
403,Catherine Johnson,catherine.johnson@yahoo.com,Philippines,2024-03-25
404,Michael Garcia,michael.garcia@hotmail.com,Equatorial Guinea,2023-11-13
405,Theodore Nunez,theodore.nunez@outlook.com,Togo,2025-01-20
406,Carol Glass,carol.glass@outlook.com,Trinidad and Tobago,2024-06-11
407,Earl Williams,earl.williams@hotmail.com,Kuwait,2024-09-02
408,Courtney Mccarthy,courtney.mccarthy@outlook.com,Uzbekistan,2023-10-11
409,Antonio Burns,antonio.burns@yahoo.com,American Samoa,2025-06-08
410,Daniel Walter,daniel.walter@outlook.com,Liberia,2025-03-05
411,Joshua Phillips,joshua.phillips@outlook.com,Central African Republic,2024-11-15
412,Jessica Lawson,jessica.lawson@yahoo.com,Guyana,2024-08-21
413,Christopher Johns,christopher.johns@yahoo.com,Sierra Leone,2025-06-13
414,Aaron James,aaron.james@outlook.com,San Marino,2024-12-07
415,Antonio Stanton,antonio.stanton@outlook.com,Gambia,2025-03-17
416,Tracy Williams,tracy.williams@outlook.com,Aruba,2026-03-01
417,Richard Powell,richard.powell@outlook.com,Tajikistan,2024-02-25
418,Patricia Mcfarland,patricia.mcfarland@hotmail.com,Gibraltar,2026-03-19
419,Shannon Logan,shannon.logan@gmail.com,Portugal,2024-05-09
420,Christine Caldwell,christine.caldwell@yahoo.com,Armenia,2024-11-03
421,Timothy Smith,timothy.smith@hotmail.com,Ukraine,2023-04-27
422,Cheryl Griffin,cheryl.griffin@hotmail.com,Barbados,2024-08-12
423,Kimberly Mason,kimberly.mason@gmail.com,Lithuania,2025-01-10
424,Devon Sanders,devon.sanders@hotmail.com,Saint Barthelemy,2023-12-12
425,Linda Howell,linda.howell@yahoo.com,Hungary,2025-07-15
426,Cynthia Hodge,cynthia.hodge@yahoo.com,Antarctica (the territory South of 60 deg S),2025-11-15
427,Melanie Smith,melanie.smith@yahoo.com,French Southern Territories,2025-08-29
428,William Hart,william.hart@gmail.com,Kyrgyz Republic,2025-10-04
429,Michael Jones,michael.jones@gmail.com,Bhutan,2026-03-19
430,Nicholas Rodriguez,nicholas.rodriguez@outlook.com,Nigeria,2024-08-09
431,Tyler Smith,tyler.smith@yahoo.com,Poland,2023-12-18
432,Bonnie Patel,bonnie.patel@hotmail.com,Saint Pierre and Miquelon,2023-06-25
433,Jordan Miller,jordan.miller@outlook.com,Antarctica (the territory South of 60 deg S),2024-04-18
434,Kimberly Hamilton,kimberly.hamilton@yahoo.com,United States Minor Outlying Islands,2025-06-17
435,Dr. Caitlin Wilson,dr..caitlin.wilson@outlook.com,Vietnam,2025-12-03
436,Hector Bell,hector.bell@gmail.com,Palestinian Territory,2026-01-10
437,Christopher Lewis,christopher.lewis@yahoo.com,Tajikistan,2024-07-07
438,Stephen Weeks,stephen.weeks@outlook.com,Peru,2024-03-12
439,Brittany Calhoun,brittany.calhoun@gmail.com,Comoros,2024-03-30
440,Gregory Hull,gregory.hull@hotmail.com,Morocco,2026-03-19
441,Marcus Young,marcus.young@outlook.com,Samoa,2024-10-01
442,Heather Johnson,heather.johnson@gmail.com,Antigua and Barbuda,2026-01-16
443,Casey Ford,casey.ford@gmail.com,Afghanistan,2023-12-31
444,Leah Gonzalez,leah.gonzalez@gmail.com,Tokelau,2023-05-18
445,Jerome Smith,jerome.smith@yahoo.com,Netherlands,2025-05-03
446,Natalie Boyer,natalie.boyer@outlook.com,Morocco,2026-01-16
447,Elizabeth Sheppard DDS,elizabeth.sheppard.dds@yahoo.com,Mali,2025-02-22
448,Jennifer Morris,jennifer.morris@yahoo.com,Macao,2026-02-14
449,Michael Ramirez,michael.ramirez@hotmail.com,Cyprus,2024-11-16
450,Jesus Meyers,jesus.meyers@outlook.com,Turkey,2025-09-09
451,Lisa Watts,lisa.watts@gmail.com,Palau,2025-05-10
452,Virginia Brown,virginia.brown@outlook.com,Philippines,2023-07-07
453,Sonya Jordan,sonya.jordan@outlook.com,Saint Lucia,2026-01-19
454,Eric Wood,eric.wood@outlook.com,Mauritius,2025-03-21
455,Brett Wheeler,brett.wheeler@outlook.com,Macao,2025-10-04
456,Linda Rios,linda.rios@yahoo.com,Maldives,2023-11-10
457,Jeffrey Wall,jeffrey.wall@hotmail.com,Turkmenistan,2024-09-26
458,Natalie Ferrell,natalie.ferrell@outlook.com,Netherlands,2024-04-06
459,Angelica Mcmillan,angelica.mcmillan@yahoo.com,Turks and Caicos Islands,2023-10-18
460,Jeremy Johnson MD,jeremy.johnson.md@gmail.com,Cocos (Keeling) Islands,2025-08-16
461,Eric Reyes,eric.reyes@gmail.com,Saint Kitts and Nevis,2024-07-30
462,James Avila,james.avila@outlook.com,Uzbekistan,2025-07-26
463,Megan Ward,megan.ward@outlook.com,Dominica,2024-01-21
464,Brooke Thompson,brooke.thompson@yahoo.com,Dominican Republic,2024-06-25
465,Meredith Jackson,meredith.jackson@yahoo.com,Zimbabwe,2024-01-24
466,Ruth Herrera,ruth.herrera@yahoo.com,Senegal,2026-02-23
467,Ruth Stewart,ruth.stewart@yahoo.com,Zambia,2026-01-05
468,Ryan Roach,ryan.roach@gmail.com,Cameroon,2024-05-17
469,Amanda Lawson,amanda.lawson@outlook.com,Saint Barthelemy,2023-10-29
470,Samantha Tate,samantha.tate@yahoo.com,Rwanda,2023-06-29
471,Anthony Richardson,anthony.richardson@hotmail.com,New Zealand,2025-07-26
472,Nancy Patterson,nancy.patterson@gmail.com,Bangladesh,2025-04-04
473,David Holmes,david.holmes@outlook.com,France,2024-08-20
474,Matthew James,matthew.james@hotmail.com,Turkmenistan,2026-02-23
475,Marc Baker,marc.baker@gmail.com,Netherlands Antilles,2025-05-10
476,Paige Garcia,paige.garcia@yahoo.com,Angola,2023-05-29
477,Toni White,toni.white@yahoo.com,Serbia,2024-11-26
478,Shannon Lewis,shannon.lewis@yahoo.com,United Arab Emirates,2025-07-16
479,Lisa Rodgers,lisa.rodgers@gmail.com,Albania,2023-03-27
480,Daniel Reed,daniel.reed@gmail.com,Liechtenstein,2024-07-05
481,Michelle Lopez,michelle.lopez@hotmail.com,Tunisia,2023-09-29
482,Evan Benjamin,evan.benjamin@hotmail.com,Nauru,2026-02-07
483,Brooke Bates,brooke.bates@yahoo.com,Saint Lucia,2024-09-15
484,Julie Short,julie.short@gmail.com,Fiji,2024-02-10
485,Steven Greer,steven.greer@outlook.com,Latvia,2025-08-27
486,Bryan Jackson,bryan.jackson@hotmail.com,Nauru,2024-01-04
487,Leah Parker,leah.parker@gmail.com,Burkina Faso,2025-08-12
488,Lisa Khan,lisa.khan@outlook.com,Isle of Man,2024-09-02
489,Benjamin Harris,benjamin.harris@hotmail.com,Ireland,2025-10-17
490,Travis Jones,travis.jones@gmail.com,Denmark,2024-12-04
491,Lori Oliver,lori.oliver@gmail.com,Barbados,2024-08-31
492,Lindsey Davis,lindsey.davis@yahoo.com,Korea,2023-04-09
493,Riley Davis,riley.davis@outlook.com,Indonesia,2025-12-03
494,Jon Choi,jon.choi@outlook.com,Palau,2025-03-06
495,Matthew Williams,matthew.williams@outlook.com,Bhutan,2024-10-28
496,Diana Rowe,diana.rowe@hotmail.com,Finland,2023-07-29
497,Arthur Butler,arthur.butler@hotmail.com,Taiwan,2024-09-25
498,Bonnie Gibson,bonnie.gibson@outlook.com,Singapore,2025-11-21
499,Andre Moore,andre.moore@hotmail.com,Belgium,2025-02-25
500,George Berry,george.berry@hotmail.com,Sao Tome and Principe,2025-05-26
501,Donald Rogers,donald.rogers@hotmail.com,United States of America,2023-11-23
502,Scott Carpenter,scott.carpenter@gmail.com,Libyan Arab Jamahiriya,2023-11-27
503,Cheryl Cooley,cheryl.cooley@hotmail.com,British Indian Ocean Territory (Chagos Archipelago),2024-08-04
504,Elizabeth Daniels,elizabeth.daniels@yahoo.com,Saint Martin,2024-01-12
505,Ronnie Figueroa,ronnie.figueroa@outlook.com,Liechtenstein,2024-03-10
506,Timothy Bradley,timothy.bradley@hotmail.com,Congo,2025-12-01
507,Cheryl Fletcher,cheryl.fletcher@hotmail.com,Slovakia (Slovak Republic),2025-09-28
508,Sheila Young,sheila.young@gmail.com,Iraq,2023-05-12
509,Amy Taylor,amy.taylor@hotmail.com,Bermuda,2025-05-22
510,William George,william.george@gmail.com,Seychelles,2025-10-01
511,John Valentine,john.valentine@yahoo.com,Uzbekistan,2024-11-04
512,Jose Clark,jose.clark@outlook.com,Vietnam,2024-01-25
513,Anthony Tanner,anthony.tanner@gmail.com,Korea,2023-11-23
514,Michelle Miller,michelle.miller@yahoo.com,Belarus,2025-08-10
515,Kenneth Weaver,kenneth.weaver@yahoo.com,Singapore,2025-11-19
516,Michael Davidson,michael.davidson@hotmail.com,Venezuela,2023-11-02
517,David Warren,david.warren@outlook.com,Falkland Islands (Malvinas),2025-05-21
518,Daniel Ramos,daniel.ramos@hotmail.com,Turkmenistan,2025-01-06
519,Jesse Hernandez,jesse.hernandez@outlook.com,United States of America,2023-06-14
520,Sean Calhoun,sean.calhoun@hotmail.com,Greece,2024-05-23
521,Mary Hernandez,mary.hernandez@gmail.com,Mozambique,2026-03-14
522,Kaylee Alvarado,kaylee.alvarado@gmail.com,Spain,2025-11-29
523,Lisa Gould,lisa.gould@hotmail.com,Namibia,2024-10-31
524,Lisa York,lisa.york@gmail.com,Finland,2023-06-03
525,Tracey Crawford,tracey.crawford@hotmail.com,Thailand,2025-09-13
526,Ryan Johnson,ryan.johnson@gmail.com,Mozambique,2023-04-24
527,John Burton,john.burton@outlook.com,Denmark,2023-10-09
528,Connie Farrell,connie.farrell@yahoo.com,Greece,2025-11-25
529,Matthew Garcia,matthew.garcia@outlook.com,Dominica,2023-08-18
530,Molly Butler,molly.butler@gmail.com,Georgia,2024-12-29
531,Donald Choi,donald.choi@gmail.com,Ecuador,2025-04-26
532,Jennifer Garcia,jennifer.garcia@gmail.com,China,2025-06-03
533,Vanessa Chan,vanessa.chan@outlook.com,Senegal,2024-08-16
534,Greg Mcconnell,greg.mcconnell@yahoo.com,Saint Vincent and the Grenadines,2025-12-01
535,Barry Wood,barry.wood@hotmail.com,Mauritius,2024-10-25
536,Michelle Nolan,michelle.nolan@yahoo.com,Czech Republic,2023-06-05
537,Michael Morse,michael.morse@yahoo.com,Iraq,2025-12-23
538,Dorothy Olsen,dorothy.olsen@gmail.com,Bermuda,2024-02-29
539,Evan Wood,evan.wood@outlook.com,Papua New Guinea,2024-04-23
540,Carla Gardner,carla.gardner@yahoo.com,Burkina Faso,2025-06-11
541,Sherry Wilcox,sherry.wilcox@gmail.com,Ukraine,2025-08-23
542,Dylan Cole,dylan.cole@hotmail.com,Central African Republic,2025-04-22
543,Nicholas Taylor,nicholas.taylor@yahoo.com,Puerto Rico,2024-05-28
544,David Jackson,david.jackson@outlook.com,Greenland,2024-11-04
545,Cody Smith,cody.smith@hotmail.com,Czech Republic,2024-02-23
546,Mr. Donald Shaffer,mr..donald.shaffer@yahoo.com,Norway,2025-10-28
547,Jacqueline Hanson,jacqueline.hanson@hotmail.com,Mauritania,2025-01-10
548,Matthew Garcia,matthew.garcia@hotmail.com,Portugal,2024-04-27
549,Rebecca Harris,rebecca.harris@outlook.com,Qatar,2023-08-12
550,William Alvarado,william.alvarado@hotmail.com,Mexico,2024-10-13
551,Joseph Martin,joseph.martin@hotmail.com,Hungary,2025-11-02
552,James Lynch,james.lynch@gmail.com,Guinea-Bissau,2023-06-12
553,Kelly Boyd,kelly.boyd@gmail.com,Chad,2023-11-13
554,Deborah Smith,deborah.smith@hotmail.com,United States Virgin Islands,2023-04-10
555,Anthony Wood,anthony.wood@yahoo.com,Guatemala,2023-08-07
556,James Lawson,james.lawson@outlook.com,Senegal,2026-02-25
557,Wendy Chase,wendy.chase@outlook.com,Guinea-Bissau,2023-09-20
558,James Clark,james.clark@hotmail.com,Maldives,2024-02-20
559,Ryan Wells,ryan.wells@yahoo.com,Montenegro,2023-12-01
560,Thomas Reid,thomas.reid@yahoo.com,Congo,2025-08-04
561,Peter Garcia,peter.garcia@gmail.com,Italy,2023-06-22
562,Ms. Donna Petty,ms..donna.petty@yahoo.com,Cuba,2025-08-01
563,Christopher Torres,christopher.torres@yahoo.com,Western Sahara,2024-05-05
564,Theresa West,theresa.west@outlook.com,Ecuador,2024-04-28
565,Jonathan Clark,jonathan.clark@outlook.com,Myanmar,2025-01-31
566,Stacie Nelson,stacie.nelson@outlook.com,Cape Verde,2026-02-07
567,Dr. Christine Wood MD,dr..christine.wood.md@outlook.com,South Africa,2023-12-16
568,David Jordan,david.jordan@hotmail.com,Malaysia,2025-01-13
569,Susan Macias,susan.macias@yahoo.com,Korea,2026-01-29
570,Heather Norman,heather.norman@yahoo.com,Bahrain,2025-08-04
571,Trevor Mcgee,trevor.mcgee@hotmail.com,Colombia,2025-10-28
572,Amanda Smith,amanda.smith@outlook.com,Reunion,2024-12-20
573,Jacqueline Bell,jacqueline.bell@hotmail.com,Guadeloupe,2026-03-22
574,Kevin Jones,kevin.jones@outlook.com,French Polynesia,2026-01-20
575,Diamond Marquez,diamond.marquez@gmail.com,Cyprus,2023-11-07
576,Wendy Allen,wendy.allen@hotmail.com,Cocos (Keeling) Islands,2025-08-10
577,Jillian Johnson,jillian.johnson@gmail.com,Christmas Island,2025-07-15
578,Katherine Pratt,katherine.pratt@hotmail.com,Afghanistan,2026-01-29
579,Stephanie Barnes,stephanie.barnes@outlook.com,United States of America,2025-05-26
580,Tyler Vega,tyler.vega@yahoo.com,Eritrea,2024-06-28
581,Molly Kelley,molly.kelley@outlook.com,Rwanda,2024-01-01
582,Stacey Reese,stacey.reese@yahoo.com,Jersey,2023-08-06
583,Heather Montoya,heather.montoya@outlook.com,Israel,2026-02-21
584,Richard Mitchell,richard.mitchell@hotmail.com,Saint Martin,2025-10-14
585,Elizabeth James,elizabeth.james@hotmail.com,Cook Islands,2024-10-17
586,Michelle Weaver,michelle.weaver@yahoo.com,Turkey,2026-01-03
587,Meredith Warren,meredith.warren@hotmail.com,Niue,2024-03-04
588,Michelle Garcia,michelle.garcia@gmail.com,Cape Verde,2024-05-08
589,Brandon Miles,brandon.miles@hotmail.com,New Zealand,2024-09-05
590,Bailey Maxwell,bailey.maxwell@hotmail.com,Comoros,2024-10-05
591,Sandra Dickerson,sandra.dickerson@outlook.com,Lebanon,2023-08-15
592,Brenda Flores,brenda.flores@yahoo.com,Russian Federation,2025-08-05
593,Diane Wallace,diane.wallace@gmail.com,Papua New Guinea,2024-08-01
594,Justin Clark,justin.clark@yahoo.com,Korea,2024-08-21
595,Keith Ward,keith.ward@yahoo.com,Botswana,2025-01-07
596,Brent Nunez,brent.nunez@outlook.com,Burundi,2026-02-06
597,Nancy Wells,nancy.wells@outlook.com,Heard Island and McDonald Islands,2024-05-21
598,Michael Smith,michael.smith@gmail.com,Benin,2025-05-11
599,Jeffrey Adams,jeffrey.adams@gmail.com,Korea,2024-02-09
600,Tami Mclaughlin,tami.mclaughlin@yahoo.com,Senegal,2023-11-26
601,Daniel Wood,daniel.wood@gmail.com,Norway,2023-12-20
602,Tiffany Hunter,tiffany.hunter@gmail.com,Lao People's Democratic Republic,2024-11-09
603,Kelly Rose,kelly.rose@gmail.com,Jordan,2023-08-21
604,Megan Conway,megan.conway@yahoo.com,Germany,2023-05-02
605,Angela Mckenzie,angela.mckenzie@outlook.com,Tonga,2023-09-08
606,Dawn Hebert,dawn.hebert@outlook.com,Norfolk Island,2023-11-10
607,Karen Santiago,karen.santiago@gmail.com,Congo,2023-05-02
608,Ashley Friedman,ashley.friedman@outlook.com,French Guiana,2025-11-25
609,Marcus Cardenas,marcus.cardenas@hotmail.com,Micronesia,2026-02-22
610,Karen Mcintosh,karen.mcintosh@hotmail.com,Slovenia,2026-01-22
611,Jeremy Johnson,jeremy.johnson@hotmail.com,Turkmenistan,2025-06-05
612,Victoria Hawkins,victoria.hawkins@yahoo.com,Netherlands,2025-11-18
613,Bonnie Welch,bonnie.welch@gmail.com,Bulgaria,2024-02-26
614,Jennifer Parker MD,jennifer.parker.md@outlook.com,Samoa,2024-06-09
615,Natalie Meza,natalie.meza@hotmail.com,Russian Federation,2023-05-27
616,Angela Love,angela.love@yahoo.com,Chad,2025-10-10
617,Sarah Byrd,sarah.byrd@gmail.com,Tajikistan,2024-12-23
618,Jessica Andersen,jessica.andersen@outlook.com,Korea,2025-05-06
619,Lisa Nguyen,lisa.nguyen@hotmail.com,Mongolia,2025-01-13
620,Katherine Brown,katherine.brown@outlook.com,Saint Kitts and Nevis,2023-05-05
621,Katherine Jensen,katherine.jensen@outlook.com,Tunisia,2024-09-26
622,Christina Butler,christina.butler@yahoo.com,Cayman Islands,2024-10-12
623,Robin Lam,robin.lam@outlook.com,Guatemala,2024-06-19
624,David Vargas,david.vargas@gmail.com,French Guiana,2023-12-17
625,James Curtis,james.curtis@outlook.com,Guyana,2023-08-02
626,John Lam,john.lam@gmail.com,Antarctica (the territory South of 60 deg S),2025-09-11
627,Anthony Moore,anthony.moore@hotmail.com,Oman,2026-03-16
628,Aaron Perez,aaron.perez@outlook.com,Seychelles,2024-01-10
629,Robert Lewis,robert.lewis@gmail.com,Syrian Arab Republic,2025-06-17
630,Dustin Salas,dustin.salas@gmail.com,Saint Lucia,2024-09-25
631,Briana Shaffer,briana.shaffer@hotmail.com,Aruba,2025-11-26
632,Mario Short,mario.short@yahoo.com,Sri Lanka,2024-05-30
633,Joshua Rios,joshua.rios@gmail.com,Mexico,2025-09-07
634,Austin Mcpherson,austin.mcpherson@hotmail.com,Sweden,2023-10-19
635,David Gibson,david.gibson@outlook.com,Sri Lanka,2025-07-01
636,Nina Hunt,nina.hunt@yahoo.com,Tuvalu,2024-08-09
637,Randy Ward,randy.ward@yahoo.com,France,2025-10-31
638,Brandy Phillips,brandy.phillips@outlook.com,Venezuela,2023-04-02
639,Thomas Romero,thomas.romero@outlook.com,Seychelles,2026-01-22
640,Alicia Ayala,alicia.ayala@gmail.com,South Georgia and the South Sandwich Islands,2024-09-05
641,Joshua Jones,joshua.jones@hotmail.com,Brunei Darussalam,2023-06-02
642,Erika Berry,erika.berry@yahoo.com,Faroe Islands,2025-07-16
643,Amanda Hall,amanda.hall@yahoo.com,Dominican Republic,2026-02-07
644,James Hayes,james.hayes@hotmail.com,Bermuda,2025-12-27
645,Kevin Butler,kevin.butler@hotmail.com,Christmas Island,2025-08-21
646,David Hart,david.hart@yahoo.com,Thailand,2025-09-19
647,Michelle Brown,michelle.brown@gmail.com,Marshall Islands,2026-02-28
648,Elizabeth Dawson,elizabeth.dawson@gmail.com,Jersey,2025-09-08
649,Jennifer Murphy,jennifer.murphy@gmail.com,New Zealand,2024-07-23
650,Bryan Randall,bryan.randall@outlook.com,Netherlands Antilles,2023-07-04
651,Danielle Gonzalez,danielle.gonzalez@hotmail.com,Puerto Rico,2024-07-10
652,Jessica Ali,jessica.ali@outlook.com,Paraguay,2026-02-28
653,Tiffany Barnes,tiffany.barnes@gmail.com,Saint Barthelemy,2024-06-19
654,William Bean,william.bean@hotmail.com,Niue,2024-08-24
655,Anthony Parker,anthony.parker@yahoo.com,Congo,2025-10-08
656,Sarah Reeves,sarah.reeves@hotmail.com,Ireland,2023-07-09
657,Tyler Luna,tyler.luna@outlook.com,Georgia,2024-09-27
658,David Green,david.green@yahoo.com,Iraq,2023-10-05
659,Collin Miller,collin.miller@hotmail.com,Myanmar,2023-12-20
660,Melissa Cross,melissa.cross@gmail.com,Jordan,2025-09-09
661,Kimberly Acosta,kimberly.acosta@gmail.com,Guam,2024-01-03
662,Emily Garcia,emily.garcia@outlook.com,Vanuatu,2026-02-05
663,Shannon Lee,shannon.lee@outlook.com,Colombia,2023-03-27
664,Katherine Henry,katherine.henry@gmail.com,Bosnia and Herzegovina,2024-07-29
665,Maurice Perez,maurice.perez@yahoo.com,Ecuador,2025-05-10
666,James Russell,james.russell@outlook.com,Cambodia,2025-09-09
667,Madison Green,madison.green@hotmail.com,Panama,2026-01-19
668,Patrick Ortiz,patrick.ortiz@yahoo.com,Tajikistan,2024-08-26
669,Shawn Rogers,shawn.rogers@outlook.com,Tanzania,2024-12-12
670,Madison Padilla,madison.padilla@outlook.com,Saudi Arabia,2025-10-12
671,Christopher Butler,christopher.butler@gmail.com,Dominican Republic,2023-06-17
672,Gregory Smith,gregory.smith@yahoo.com,Uruguay,2025-02-18
673,Nancy Thornton,nancy.thornton@hotmail.com,Samoa,2024-12-14
674,David Perkins,david.perkins@gmail.com,Vanuatu,2026-01-17
675,Pamela Lee DVM,pamela.lee.dvm@outlook.com,Turkmenistan,2025-12-01
676,Barbara George,barbara.george@gmail.com,Italy,2024-06-08
677,Timothy Martin,timothy.martin@yahoo.com,Congo,2023-03-26
678,Tammy Allison,tammy.allison@gmail.com,Burundi,2025-08-18
679,Kelsey Yu,kelsey.yu@gmail.com,Tanzania,2025-01-10
680,Daniel Hernandez,daniel.hernandez@outlook.com,Lesotho,2025-04-16
681,Richard Knapp,richard.knapp@yahoo.com,Cayman Islands,2024-09-09
682,Tina Krause,tina.krause@yahoo.com,Belize,2023-06-11
683,Wanda Alvarado,wanda.alvarado@yahoo.com,Mozambique,2024-07-26
684,Sarah Drake,sarah.drake@outlook.com,Norway,2025-03-27
685,Melissa Smith,melissa.smith@hotmail.com,Saint Pierre and Miquelon,2023-09-01
686,Sean Larsen,sean.larsen@outlook.com,Samoa,2024-07-01
687,Shaun Moore,shaun.moore@hotmail.com,Albania,2024-03-31
688,Maria Odonnell,maria.odonnell@outlook.com,India,2025-02-27
689,Rachel Daniel,rachel.daniel@outlook.com,Vietnam,2025-01-31
690,Kelly Taylor,kelly.taylor@yahoo.com,Syrian Arab Republic,2023-10-28
691,Donna Wilson,donna.wilson@hotmail.com,Morocco,2023-12-12
692,Cheryl Padilla,cheryl.padilla@hotmail.com,Grenada,2024-11-16
693,Stephanie Hartman,stephanie.hartman@gmail.com,Djibouti,2025-11-07
694,Erin Knight,erin.knight@hotmail.com,French Guiana,2025-12-22
695,Destiny Castro,destiny.castro@yahoo.com,Mauritius,2024-06-14
696,Courtney Jenkins,courtney.jenkins@yahoo.com,Montenegro,2024-07-02
697,Brenda Dougherty,brenda.dougherty@gmail.com,Italy,2023-08-06
698,Emily Stanley,emily.stanley@gmail.com,North Macedonia,2024-07-27
699,Dr. Donald Lane,dr..donald.lane@yahoo.com,Liechtenstein,2023-09-21
700,Margaret Adkins,margaret.adkins@outlook.com,Colombia,2025-12-04
701,Tiffany Smith,tiffany.smith@hotmail.com,El Salvador,2024-10-05
702,Hannah Jones,hannah.jones@yahoo.com,Gabon,2025-01-05
703,Juan Wright,juan.wright@outlook.com,Azerbaijan,2023-12-16
704,Jessica Bailey,jessica.bailey@gmail.com,Timor-Leste,2024-01-21
705,Dale Hardy,dale.hardy@yahoo.com,Poland,2024-02-18
706,Annette Smith,annette.smith@gmail.com,Martinique,2025-04-29
707,Phillip Hall Jr.,phillip.hall.jr.@hotmail.com,Liechtenstein,2024-07-15
708,Kimberly Terry,kimberly.terry@gmail.com,Timor-Leste,2025-08-05
709,Dana Middleton,dana.middleton@hotmail.com,United Kingdom,2024-09-11
710,Michael Johnson MD,michael.johnson.md@gmail.com,Thailand,2024-09-30
711,Robert Sanchez,robert.sanchez@gmail.com,Guernsey,2024-08-22
712,Brandon Smith,brandon.smith@outlook.com,Saint Pierre and Miquelon,2026-02-10
713,Amy Smith,amy.smith@hotmail.com,India,2024-08-27
714,Brittany Smith,brittany.smith@gmail.com,Nepal,2024-05-29
715,Mr. Thomas Taylor,mr..thomas.taylor@yahoo.com,South Africa,2026-02-24
716,Megan Shelton,megan.shelton@outlook.com,Turkmenistan,2023-04-14
717,Amber Hamilton,amber.hamilton@gmail.com,Portugal,2025-07-10
718,Shelly Riggs,shelly.riggs@yahoo.com,Sudan,2025-03-07
719,Jennifer Reed,jennifer.reed@outlook.com,Lebanon,2026-02-22
720,Charles Young,charles.young@outlook.com,Russian Federation,2025-01-12
721,Mark Dawson,mark.dawson@hotmail.com,Senegal,2023-04-15
722,Megan Stone,megan.stone@hotmail.com,Equatorial Guinea,2024-03-23
723,Ryan Wright,ryan.wright@yahoo.com,Switzerland,2024-10-15
724,Madison Smith,madison.smith@yahoo.com,Cambodia,2024-07-31
725,Matthew Carrillo,matthew.carrillo@hotmail.com,Namibia,2024-05-07
726,Felicia Brown,felicia.brown@outlook.com,Italy,2024-04-14
727,Ryan Mckenzie,ryan.mckenzie@yahoo.com,United Kingdom,2025-03-02
728,Emily Butler,emily.butler@hotmail.com,Myanmar,2024-05-04
729,Amber Perry,amber.perry@yahoo.com,Kyrgyz Republic,2025-08-21
730,Megan Garcia,megan.garcia@hotmail.com,Guam,2023-11-22
731,Lisa Rodriguez,lisa.rodriguez@yahoo.com,Romania,2025-03-18
732,Christopher Fernandez,christopher.fernandez@outlook.com,Guadeloupe,2023-04-16
733,Donna Payne,donna.payne@gmail.com,South Georgia and the South Sandwich Islands,2024-08-05
734,Marie Lane,marie.lane@gmail.com,Zimbabwe,2025-10-18
735,Brandon Ferrell,brandon.ferrell@gmail.com,Singapore,2024-05-31
736,Tiffany Marsh,tiffany.marsh@outlook.com,Northern Mariana Islands,2025-10-29
737,Nathan Guerra,nathan.guerra@yahoo.com,Chad,2023-06-04
738,Kayla Baker,kayla.baker@hotmail.com,Tonga,2024-10-17
739,Dr. Samantha Clarke,dr..samantha.clarke@gmail.com,Lithuania,2025-05-24
740,Alice Cochran,alice.cochran@yahoo.com,Cyprus,2024-05-02
741,Carl Robinson,carl.robinson@outlook.com,Pakistan,2025-11-11
742,Willie Carter,willie.carter@yahoo.com,Czech Republic,2025-05-07
743,Anna Bean,anna.bean@hotmail.com,Lesotho,2023-09-29
744,Brittany Reed,brittany.reed@outlook.com,Senegal,2025-10-12
745,Marcus Green,marcus.green@gmail.com,Djibouti,2025-09-06
746,Tara Mcmahon,tara.mcmahon@yahoo.com,Central African Republic,2024-10-02
747,Jacob Anthony,jacob.anthony@hotmail.com,Liechtenstein,2024-02-01
748,Karen Carlson,karen.carlson@yahoo.com,Norway,2024-06-17
749,Tara Foster,tara.foster@yahoo.com,Reunion,2025-10-02
750,Erika Jordan,erika.jordan@gmail.com,Aruba,2025-11-25
751,Autumn Vaughn,autumn.vaughn@yahoo.com,Brazil,2026-02-20
752,Vanessa Phillips,vanessa.phillips@outlook.com,Micronesia,2025-04-12
753,Billy Hicks,billy.hicks@yahoo.com,Armenia,2025-05-12
754,Elizabeth James,elizabeth.james@gmail.com,Gambia,2024-02-19
755,Jordan Flores,jordan.flores@gmail.com,Bouvet Island (Bouvetoya),2024-06-06
756,Christopher Bell,christopher.bell@hotmail.com,Burundi,2025-03-11
757,Alyssa Martinez,alyssa.martinez@outlook.com,Latvia,2023-07-13
758,Rebecca Gordon,rebecca.gordon@gmail.com,Iraq,2025-07-04
759,Jeffrey Owen,jeffrey.owen@outlook.com,Nauru,2026-01-24
760,Regina Kane,regina.kane@gmail.com,Bahrain,2023-09-09
761,Debra Thomas,debra.thomas@yahoo.com,Panama,2024-03-19
762,Stacey Berry,stacey.berry@outlook.com,Lao People's Democratic Republic,2023-05-25
763,Derrick Carr,derrick.carr@hotmail.com,Peru,2026-01-29
764,Jeremiah Lopez,jeremiah.lopez@hotmail.com,Vanuatu,2024-06-10
765,Catherine Knox,catherine.knox@yahoo.com,Burkina Faso,2025-05-05
766,Christopher Bautista,christopher.bautista@yahoo.com,Bolivia,2025-10-01
767,Amber Mendez,amber.mendez@yahoo.com,Kenya,2025-12-01
768,Krista Gross,krista.gross@hotmail.com,Madagascar,2025-10-29
769,Juan Rose,juan.rose@yahoo.com,Guinea-Bissau,2025-08-03
770,Hector Benton,hector.benton@hotmail.com,Bouvet Island (Bouvetoya),2024-08-13
771,Natasha Miller,natasha.miller@outlook.com,Morocco,2026-02-25
772,Vanessa Anderson,vanessa.anderson@hotmail.com,Guatemala,2024-05-02
773,Joshua Brown,joshua.brown@outlook.com,Congo,2025-08-20
774,Juan Munoz,juan.munoz@hotmail.com,Turkey,2026-01-12
775,Benjamin Odom,benjamin.odom@yahoo.com,Haiti,2023-10-14
776,Emily Knight,emily.knight@outlook.com,Pitcairn Islands,2025-12-19
777,Daniel Padilla,daniel.padilla@outlook.com,Cayman Islands,2024-03-13
778,David Mueller,david.mueller@outlook.com,Solomon Islands,2023-04-03
779,Sandra Moran,sandra.moran@gmail.com,Mexico,2024-01-20
780,Gary Hansen,gary.hansen@hotmail.com,Madagascar,2025-06-23
781,Larry Reed,larry.reed@hotmail.com,Eritrea,2026-02-11
782,Lisa Wheeler,lisa.wheeler@yahoo.com,Indonesia,2023-05-01
783,Gina Ramirez,gina.ramirez@gmail.com,Saint Pierre and Miquelon,2023-04-15
784,Matthew Dixon,matthew.dixon@gmail.com,Burundi,2024-01-17
785,Jessica Barrera,jessica.barrera@yahoo.com,Guyana,2025-02-14
786,Christopher Williams,christopher.williams@hotmail.com,Bulgaria,2024-02-06
787,Brian Lee,brian.lee@yahoo.com,Montserrat,2024-06-07
788,Laura Wilkins,laura.wilkins@outlook.com,New Caledonia,2023-11-02
789,Leslie Sherman,leslie.sherman@hotmail.com,French Southern Territories,2025-12-15
790,Kelly Reynolds,kelly.reynolds@yahoo.com,Sweden,2024-09-26
791,Scott Dyer,scott.dyer@yahoo.com,Andorra,2026-02-18
792,Richard Bradley,richard.bradley@yahoo.com,Saint Martin,2025-01-30
793,Theresa Foster,theresa.foster@gmail.com,Saint Vincent and the Grenadines,2025-11-27
794,Jeffery Flores,jeffery.flores@yahoo.com,Kenya,2026-03-14
795,Joseph Rodriguez,joseph.rodriguez@outlook.com,Barbados,2026-03-06
796,Michelle Morrow,michelle.morrow@gmail.com,Palestinian Territory,2025-05-12
797,Ruth Douglas,ruth.douglas@gmail.com,Austria,2026-02-08
798,Tyler Cooper,tyler.cooper@hotmail.com,Jersey,2025-04-10
799,Dawn Hunter,dawn.hunter@outlook.com,Canada,2025-11-25
800,Shelby Wolf,shelby.wolf@outlook.com,Suriname,2025-08-13
801,Vanessa Cooper,vanessa.cooper@hotmail.com,Saudi Arabia,2023-08-16
802,Kristin Williams,kristin.williams@gmail.com,Honduras,2025-01-01
803,Tina Brown,tina.brown@outlook.com,Morocco,2024-02-05
804,Anthony Fry,anthony.fry@outlook.com,Saint Barthelemy,2024-06-27
805,Catherine Smith,catherine.smith@outlook.com,Chile,2024-07-29
806,Tina Mckee,tina.mckee@outlook.com,Moldova,2023-08-29
807,Samantha Stanton,samantha.stanton@yahoo.com,Swaziland,2026-02-23
808,Jennifer Pierce,jennifer.pierce@outlook.com,Czech Republic,2025-08-14
809,Eric Carter,eric.carter@outlook.com,Norfolk Island,2024-02-01
810,Justin Perez,justin.perez@yahoo.com,Sri Lanka,2023-05-12
811,Christina Carter,christina.carter@gmail.com,Ireland,2026-01-21
812,Douglas Griffin,douglas.griffin@yahoo.com,Saint Helena,2024-06-30
813,Jason Woods,jason.woods@yahoo.com,Marshall Islands,2024-10-16
814,Michelle Ball,michelle.ball@yahoo.com,Holy See (Vatican City State),2025-09-15
815,Scott Mccarthy,scott.mccarthy@hotmail.com,Solomon Islands,2025-04-08
816,Jessica Petty,jessica.petty@hotmail.com,Macao,2025-10-30
817,Gerald Brown,gerald.brown@hotmail.com,Sudan,2026-01-03
818,Jesse Collins,jesse.collins@yahoo.com,Denmark,2024-06-15
819,Elizabeth Kennedy,elizabeth.kennedy@gmail.com,Chile,2024-07-02
820,Courtney Webster PhD,courtney.webster.phd@hotmail.com,United Arab Emirates,2024-10-19
821,Lauren Tran,lauren.tran@hotmail.com,Netherlands,2025-08-18
822,Amanda Cunningham,amanda.cunningham@outlook.com,Uzbekistan,2025-08-27
823,Chad Mclean,chad.mclean@outlook.com,Yemen,2026-01-01
824,Kimberly Cruz,kimberly.cruz@hotmail.com,Moldova,2025-08-30
825,Anthony Mendez,anthony.mendez@hotmail.com,Saint Vincent and the Grenadines,2025-03-12
826,Mark Gray,mark.gray@outlook.com,French Polynesia,2023-12-14
827,Omar Harris,omar.harris@yahoo.com,Sri Lanka,2024-04-11
828,Lynn Sanders,lynn.sanders@yahoo.com,Monaco,2026-03-24
829,Catherine Gray,catherine.gray@yahoo.com,Cocos (Keeling) Islands,2024-11-08
830,Kyle Johnson,kyle.johnson@outlook.com,Jersey,2026-01-07
831,Briana Hayes,briana.hayes@gmail.com,Turkey,2025-12-09
832,Nancy Kane,nancy.kane@outlook.com,Saudi Arabia,2026-01-31
833,Matthew Gilbert,matthew.gilbert@yahoo.com,Congo,2025-08-24
834,Benjamin Kim,benjamin.kim@gmail.com,Tonga,2023-09-29
835,Tracy Russell,tracy.russell@outlook.com,Saint Helena,2023-10-27
836,Kevin Norris,kevin.norris@hotmail.com,Russian Federation,2024-01-21
837,Jade Stevenson,jade.stevenson@hotmail.com,Tokelau,2025-12-13
838,Dennis Reed,dennis.reed@yahoo.com,Philippines,2024-08-29
839,Amber Gonzalez,amber.gonzalez@outlook.com,Japan,2025-08-29
840,Carolyn Black,carolyn.black@yahoo.com,Iceland,2024-10-21
841,Ann Morris,ann.morris@hotmail.com,Western Sahara,2024-01-01
842,Brian Bell DDS,brian.bell.dds@hotmail.com,Panama,2023-05-15
843,Mrs. Taylor Conrad DDS,mrs..taylor.conrad.dds@outlook.com,Portugal,2024-03-06
844,Christine Smith,christine.smith@gmail.com,Congo,2026-02-06
845,Chelsea Baird,chelsea.baird@gmail.com,Italy,2025-09-02
846,Danielle Mccoy,danielle.mccoy@yahoo.com,Papua New Guinea,2025-03-15
847,Daniel Mora,daniel.mora@yahoo.com,Bahamas,2023-08-15
848,Tyler Little,tyler.little@gmail.com,Moldova,2024-01-06
849,Mrs. Elizabeth Smith,mrs..elizabeth.smith@outlook.com,Romania,2023-08-06
850,Scott Best,scott.best@yahoo.com,Senegal,2023-07-11
851,David Martinez,david.martinez@yahoo.com,Tajikistan,2025-12-07
852,Elizabeth Cochran,elizabeth.cochran@yahoo.com,Guernsey,2024-01-11
853,Ashley Barry,ashley.barry@hotmail.com,Mali,2023-10-11
854,Savannah Rodriguez,savannah.rodriguez@gmail.com,Hong Kong,2023-09-01
855,Andrea Nelson,andrea.nelson@gmail.com,Pakistan,2024-09-07
856,Joseph Payne,joseph.payne@gmail.com,Guinea-Bissau,2024-08-14
857,Jason Ward,jason.ward@yahoo.com,Albania,2023-08-17
858,Jennifer Campbell,jennifer.campbell@hotmail.com,Isle of Man,2025-02-28
859,Theodore Martin,theodore.martin@hotmail.com,Bulgaria,2023-12-11
860,Matthew Payne,matthew.payne@hotmail.com,Panama,2024-07-24
861,Jamie Pearson,jamie.pearson@hotmail.com,Guinea,2024-08-31
862,Miguel Reynolds,miguel.reynolds@gmail.com,Armenia,2023-06-17
863,Edward Jackson,edward.jackson@yahoo.com,Nauru,2025-12-31
864,James Wright,james.wright@outlook.com,Sierra Leone,2025-10-30
865,Jennifer Collins,jennifer.collins@gmail.com,Lithuania,2026-02-12
866,Patrick Smith,patrick.smith@yahoo.com,Uzbekistan,2024-12-22
867,Charlotte Bell,charlotte.bell@hotmail.com,Cuba,2024-02-26
868,Sara Aguirre,sara.aguirre@gmail.com,South Africa,2024-06-18
869,Adam Stephens,adam.stephens@gmail.com,Montenegro,2024-06-30
870,Brenda Alvarado,brenda.alvarado@hotmail.com,Canada,2023-08-08
871,Morgan Parks,morgan.parks@yahoo.com,Samoa,2023-06-01
872,Richard Mason PhD,richard.mason.phd@gmail.com,Suriname,2025-06-14
873,Aaron Ortiz,aaron.ortiz@gmail.com,Peru,2025-09-27
874,Gabriel Reeves,gabriel.reeves@hotmail.com,Rwanda,2025-09-11
875,Kara Cooper,kara.cooper@hotmail.com,Slovakia (Slovak Republic),2023-09-02
876,Jennifer Proctor,jennifer.proctor@gmail.com,Grenada,2025-09-22
877,Todd Shepherd,todd.shepherd@yahoo.com,Burundi,2023-09-07
878,Jeffrey Patrick,jeffrey.patrick@gmail.com,Suriname,2025-08-25
879,Kristin Reeves,kristin.reeves@gmail.com,Falkland Islands (Malvinas),2023-09-05
880,Hector Robbins,hector.robbins@hotmail.com,India,2024-10-09
881,Rebecca Mayo,rebecca.mayo@outlook.com,Bermuda,2023-08-20
882,Danielle Garcia,danielle.garcia@gmail.com,British Indian Ocean Territory (Chagos Archipelago),2025-04-07
883,Gary Clark,gary.clark@hotmail.com,Italy,2024-06-29
884,Sarah Williams,sarah.williams@gmail.com,Bolivia,2024-08-26
885,Brandon Dominguez,brandon.dominguez@gmail.com,Singapore,2024-12-13
886,Christina Casey,christina.casey@gmail.com,India,2025-11-04
887,James Valdez,james.valdez@outlook.com,Oman,2024-11-03
888,Jonathon Schmitt,jonathon.schmitt@yahoo.com,Brazil,2026-02-24
889,Michael Barnett,michael.barnett@yahoo.com,Bouvet Island (Bouvetoya),2025-01-05
890,Aaron Taylor,aaron.taylor@outlook.com,Tanzania,2023-04-09
891,Albert Schneider,albert.schneider@gmail.com,Chile,2024-06-19
892,Mary Hunt,mary.hunt@gmail.com,Myanmar,2024-06-21
893,Lisa Owens,lisa.owens@hotmail.com,Ireland,2024-09-21
894,Vincent Hopkins,vincent.hopkins@outlook.com,Pakistan,2023-04-17
895,Jeremy Boyd,jeremy.boyd@outlook.com,Austria,2023-06-19
896,Patrick Miller,patrick.miller@yahoo.com,Heard Island and McDonald Islands,2025-04-10
897,Mary Wilkerson,mary.wilkerson@outlook.com,Zambia,2026-02-03
898,Cynthia Owen,cynthia.owen@hotmail.com,Oman,2023-11-07
899,Lisa Moore,lisa.moore@outlook.com,Brazil,2026-02-16
900,Shannon Hughes,shannon.hughes@outlook.com,Korea,2025-01-20
901,Jeffery Watson,jeffery.watson@hotmail.com,Mongolia,2025-05-07
902,Michele Lowery,michele.lowery@gmail.com,Faroe Islands,2023-04-13
903,Michelle Mason,michelle.mason@hotmail.com,Haiti,2025-07-13
904,Michael Decker,michael.decker@yahoo.com,British Virgin Islands,2023-09-21
905,Thomas Rios,thomas.rios@outlook.com,Norway,2023-06-11
906,Donald Brennan,donald.brennan@yahoo.com,Cote d'Ivoire,2025-01-26
907,Zachary Francis,zachary.francis@yahoo.com,Togo,2023-09-11
908,Susan Johnson,susan.johnson@gmail.com,Pitcairn Islands,2025-07-30
909,Laurie Mullins,laurie.mullins@yahoo.com,Estonia,2025-10-04
910,David Johnson,david.johnson@outlook.com,Mongolia,2023-10-03
911,Ms. Maria Washington,ms..maria.washington@outlook.com,Peru,2024-05-09
912,Rodney Rogers,rodney.rogers@outlook.com,Palestinian Territory,2025-03-10
913,Brenda Burgess,brenda.burgess@hotmail.com,Djibouti,2025-07-30
914,Victoria Gordon,victoria.gordon@gmail.com,Australia,2025-12-03
915,Jonathon Michael,jonathon.michael@yahoo.com,Honduras,2024-04-06
916,Katie Garcia,katie.garcia@yahoo.com,Grenada,2025-02-28
917,Mr. Daniel Ward Jr.,mr..daniel.ward.jr.@outlook.com,Trinidad and Tobago,2024-12-05
918,Taylor Williams,taylor.williams@gmail.com,Western Sahara,2025-01-31
919,Molly Friedman,molly.friedman@outlook.com,Saint Barthelemy,2025-09-25
920,Nicholas Logan,nicholas.logan@hotmail.com,Estonia,2024-05-26
921,Zachary Lewis,zachary.lewis@gmail.com,Iraq,2023-11-24
922,Michael Sanchez,michael.sanchez@hotmail.com,Montserrat,2025-09-05
923,Karen Gonzales,karen.gonzales@yahoo.com,Rwanda,2024-04-16
924,Susan Weeks,susan.weeks@hotmail.com,Benin,2025-07-27
925,Sarah Jordan,sarah.jordan@outlook.com,Eritrea,2024-12-01
926,Justin Mays,justin.mays@yahoo.com,Thailand,2023-09-19
927,Anna Atkinson,anna.atkinson@yahoo.com,French Guiana,2023-07-14
928,Danielle Hansen,danielle.hansen@outlook.com,Anguilla,2025-04-27
929,Daniel Booth,daniel.booth@yahoo.com,Sweden,2025-03-22
930,Janice Robinson,janice.robinson@yahoo.com,Japan,2023-07-12
931,Joshua Johnson,joshua.johnson@yahoo.com,Iceland,2023-05-22
932,Sarah Ruiz,sarah.ruiz@gmail.com,Svalbard & Jan Mayen Islands,2024-04-06
933,Michele Johnson,michele.johnson@outlook.com,Western Sahara,2023-05-21
934,Jamie Richardson,jamie.richardson@gmail.com,Ethiopia,2023-12-02
935,Ralph Hamilton,ralph.hamilton@gmail.com,China,2025-06-06
936,Veronica Carr,veronica.carr@hotmail.com,Puerto Rico,2023-04-22
937,John Ho,john.ho@hotmail.com,Korea,2024-07-29
938,Mark Byrd,mark.byrd@gmail.com,Mali,2024-12-24
939,Jody Sanford,jody.sanford@hotmail.com,Solomon Islands,2023-11-17
940,Ronnie Crawford,ronnie.crawford@hotmail.com,Guyana,2025-12-17
941,Matthew Barnes,matthew.barnes@gmail.com,Palestinian Territory,2023-06-13
942,Jesse Nixon,jesse.nixon@outlook.com,China,2026-01-23
943,David Ortiz,david.ortiz@yahoo.com,Palestinian Territory,2026-03-06
944,Christopher Rice,christopher.rice@yahoo.com,Paraguay,2023-04-28
945,Vanessa Pierce,vanessa.pierce@hotmail.com,Saint Kitts and Nevis,2023-05-31
946,Samantha Lee,samantha.lee@gmail.com,Slovenia,2023-11-10
947,Juan Wang,juan.wang@yahoo.com,Cape Verde,2023-09-22
948,Derek Harvey,derek.harvey@yahoo.com,China,2023-03-31
949,Richard Jackson,richard.jackson@yahoo.com,Saint Martin,2024-09-02
950,Melissa Wood,melissa.wood@gmail.com,Sao Tome and Principe,2024-04-22
951,Juan Fowler,juan.fowler@yahoo.com,Czech Republic,2023-03-30
952,Bill Johnson,bill.johnson@gmail.com,Malawi,2026-01-10
953,Jill Salas,jill.salas@yahoo.com,Singapore,2024-04-28
954,Robert Ellis,robert.ellis@outlook.com,Moldova,2024-05-06
955,Kristy Potts,kristy.potts@gmail.com,Costa Rica,2025-09-30
956,Samantha Coffey,samantha.coffey@outlook.com,Portugal,2026-02-27
957,Samantha Thompson,samantha.thompson@hotmail.com,Cote d'Ivoire,2023-12-08
958,Michael Horn,michael.horn@hotmail.com,Afghanistan,2024-03-18
959,Nicole Garcia,nicole.garcia@outlook.com,New Caledonia,2023-11-18
960,Carolyn Thompson,carolyn.thompson@hotmail.com,Saint Lucia,2023-05-26
961,Matthew Scott,matthew.scott@hotmail.com,Bahrain,2023-03-27
962,Susan Fletcher,susan.fletcher@yahoo.com,Antigua and Barbuda,2023-12-03
963,Donald Roberts,donald.roberts@yahoo.com,Belarus,2024-03-29
964,Dennis Davis,dennis.davis@hotmail.com,Tokelau,2024-07-09
965,Mark Scott,mark.scott@yahoo.com,Saint Helena,2025-10-10
966,Peter Espinoza,peter.espinoza@outlook.com,Sudan,2023-10-03
967,Kimberly Anderson,kimberly.anderson@yahoo.com,Puerto Rico,2023-07-29
968,Cynthia Smith,cynthia.smith@outlook.com,Saint Lucia,2025-07-11
969,Adrian Bartlett,adrian.bartlett@outlook.com,Philippines,2025-03-26
970,James Lynch,james.lynch@gmail.com,Palestinian Territory,2025-01-11
971,Manuel Good,manuel.good@hotmail.com,Trinidad and Tobago,2023-06-10
972,Donald Campbell,donald.campbell@yahoo.com,Togo,2024-12-20
973,Tiffany Lee,tiffany.lee@hotmail.com,Latvia,2023-05-25
974,Lauren Webster,lauren.webster@hotmail.com,Martinique,2024-05-01
975,Christopher Jackson,christopher.jackson@yahoo.com,India,2025-01-13
976,Faith Chan,faith.chan@gmail.com,Bahamas,2025-07-06
977,Leah Vasquez,leah.vasquez@yahoo.com,Palestinian Territory,2024-12-31
978,Mary Huang,mary.huang@gmail.com,Gambia,2025-07-15
979,David Gardner,david.gardner@hotmail.com,Western Sahara,2026-01-28
980,William Schwartz,william.schwartz@yahoo.com,Papua New Guinea,2025-12-30
981,Willie Price,willie.price@gmail.com,Falkland Islands (Malvinas),2025-05-15
982,Jessica Baker,jessica.baker@outlook.com,Faroe Islands,2025-01-08
983,Kaitlyn Valentine,kaitlyn.valentine@gmail.com,Uganda,2024-03-10
984,Natalie Grimes,natalie.grimes@yahoo.com,Romania,2025-08-06
985,Jamie Campos,jamie.campos@yahoo.com,China,2026-02-10
986,Aaron Ellis,aaron.ellis@outlook.com,Korea,2024-10-03
987,Stephen Pena,stephen.pena@gmail.com,Vanuatu,2023-06-25
988,John Simon,john.simon@yahoo.com,Iran,2024-06-15
989,Francisco Sims,francisco.sims@yahoo.com,Samoa,2025-08-09
990,Jennifer Myers,jennifer.myers@outlook.com,Mauritania,2023-11-02
991,Elizabeth Pierce,elizabeth.pierce@yahoo.com,Denmark,2024-02-05
992,Catherine Riddle,catherine.riddle@yahoo.com,Somalia,2025-12-28
993,Ashley Rivera,ashley.rivera@gmail.com,Comoros,2023-06-09
994,Holly Palmer,holly.palmer@yahoo.com,Dominica,2025-06-02
995,Patrick Garrett,patrick.garrett@hotmail.com,Gabon,2023-09-11
996,Kristy Fuller,kristy.fuller@hotmail.com,Vanuatu,2024-11-01
997,Daniel Hobbs,daniel.hobbs@hotmail.com,United Kingdom,2023-09-18
998,Mrs. Ashlee Alvarez,mrs..ashlee.alvarez@yahoo.com,Saint Helena,2025-01-27
999,Maria Osborne,maria.osborne@gmail.com,Mayotte,2025-02-27
1000,Amy Bell,amy.bell@hotmail.com,Bosnia and Herzegovina,2025-04-17
